<?xml version="1.0" encoding="UTF-8"?>
<!DOCTYPE mapper PUBLIC "-//mybatis.org//DTD Mapper 3.0//EN" "http://mybatis.org/dtd/mybatis-3-mapper.dtd">
<mapper namespace="com.example.stringboot31.Emp.mapper.EmpMapper">
     <!--新增员工-->
    <insert id="userinsert">
        insert into user(username,name,password,gender,age,email,entrydate,begindate,enddate,status)
        values (#{username},#{name},#{password},#{gender},#{age},#{email}
               ,#{entrydate},#{begindate},#{enddate},#{status})
    </insert>
    <!--修改,TODO-->
    <update id="empUpdate">
        update emp
        <set>
            <if test="username != null">username = #{username},</if>
            <if test="name != null">name = #{name},</if>
            <if test="password != null">password = #{password},</if>
            <if test="gender != null">gender = #{gender},</if>
            <if test="age != null">age = #{age},</if>
            <if test="email != null">email = #{email},</if>
            <if test="entrydate != null">entrydate = #{entrydate},</if>
            <if test="begindate != null">begindate = #{begindate},</if>
            <if test="enddate != null">enddate = #{enddate},</if>
            <if test="status != null">status = #{status}</if>
        </set>
        where id=#{id}
    </update>

    <!-- 删除ids-->
    <delete id="empdeleteById">
        delete from emp where id in (-1
        <foreach open="," collection="ids" item="idtem" separator=",">
            #{idtem}
        </foreach>
        )
    </delete>

    <!--分页查询-->
    <select id="userselect" resultType="com.example.stringboot31.Emp.entity.Emp">
        select *
        from emp
        <where>
            <if test="name !=null">
                name like concat('%',#{name},'%')
            </if>
            <if test="gender !=null">
                and gender =@{gender}
            </if>
            <if test="begin !=null and end !=null">
                and entrydate between #{begin} and #{end}
            </if>
        </where>
        order by id desc
    </select>
    <!--多查询-->
    <select id="selectByIds" resultType="com.example.stringboot31.Emp.entity.Emp">
        select *
        from emp
        where id in
        <foreach collection="newArrayList" item="id" separator="," open="(" close=")">
            #{id}
        </foreach>
    </select>


</mapper>
